idea_id,trend,platform,title,hook,angle,description,visual_style,duration,suggested_shots,caption,hashtags,estimated_engagement,engagement_reasoning,coherent,actionable,platform_fit,trend_aligned,notes
idea_001,Good Monday,tiktok,Transform Your Monday Mood!,Feeling the Monday blues? Let’s change that!,A quick morning routine that boosts your mood.,"Kick off the week by transforming your Monday vibes! This video showcases a fast-paced montage of a refreshing morning routine designed to uplift your spirits. Start with an engaging shot of your sleepy self in bed, then quickly transition to a bright breakfast scene with colorful fruits and energizing smoothies. Add in clips of a short workout or stretching session, followed by a moment of gratitude—like writing in a journal or appreciating a morning view. End with a joyful clip of you getting ready for the day, radiating positivity. Use upbeat, trending sound to keep the energy high and choose vibrant text overlays for key tips.","POV, Montage",30-60 sec,Close-up of alarm clock ringing and a sleepy face | Colorful smoothie being poured into a glass | Quick shots of stretching or a mini workout | Writing in a gratitude journal in a sunny spot | Waving goodbye with a smile as you head out the door,Let’s turn those Monday blues into bright vibes! 🌞✨ What’s your Monday motivation? #GoodMonday,#GoodMonday | #MondayMotivation | #PositiveVibes | #MoodBoost | #MorningRoutine,High,"The relatable struggle of Monday blues paired with actionable tips creates a strong connection with viewers, encouraging them to share their routines and motivate each other.",,,,,
idea_002,Good Monday,youtube_shorts,Kickstart Your Week with Motivation!,Gloomy Mondays? Not anymore! Here’s how!,Transforming the typical Monday blues into a day of motivation and positivity.,"In this YouTube Short, we'll take viewers through a quick morning routine that turns a typical Monday into a powerful start to the week. Begin with a quick shot of a gloomy Monday morning, then transition to bright visuals of a morning workout or stretching. Next, show a colorful breakfast preparation with motivational quotes popping up on the screen. Conclude with a cheerful clip of you tackling your goals for the week ahead while inviting viewers to share their own motivational tips. This engaging narrative will highlight that Mondays can be a fresh start filled with possibilities!","Before/After, Tutorial",30-60 sec,Close-up of a sad alarm clock ringing in a dim room | Energetic morning workout montage with upbeat music | Brightly colored smoothie bowl being prepared | Text overlay of motivational quotes as you eat | Final clip of you confidently writing goals for the week ahead,Let’s turn Monday into a win! What’s your Monday mantra? 🌟💪 #GoodMonday,#GoodMonday | #MotivationMonday | #PositiveVibes | #Inspirational | #StartYourWeekRight,High,"The combination of a relatable topic with actionable tips, engaging visuals, and a motivational narrative is likely to resonate with a broad audience, encouraging likes and shares.",,,,,
idea_003,#MondayMotivation,tiktok,Kickstart Your Week with These Moves!,Ready to crush your Monday? Let’s go!,Empowering start to the week with quick exercises.,"In this fast-paced video, showcase three energizing exercises that viewers can do anywhere to jump-start their Monday. Use upbeat, trending music to keep the energy high. Start with a dynamic intro displaying the exercises you’ll cover. Then, transition through quick cuts, showing the full movements and giving small tips via text overlays that pop up on the screen. Encourage viewers to join in and comment their favorite exercise or share their own Monday motivation tips! End with a fun celebration of completing the mini-workout.",Tutorial/POV,30-60 sec,"Close-up shot of tying shoelaces or getting ready to exercise | Wide shot of demonstrating the first exercise in an energetic manner | Quick cuts of the second and third exercises, with text overlays | Transition to a fun finish celebration, like a fist pump or jumping | Text overlay with motivational quote at the end",Who’s ready to crush this week? 💪✨ #MondayMotivation,#MondayMotivation | #FitnessGoals | #WorkoutMotivation | #FitFam | #HomeWorkout,High,"The energetic and motivational theme coupled with quick cuts and engaging exercises encourages viewers not only to watch but to replicate the moves, driving comments and shares.",,,,,
idea_004,#MondayMotivation,instagram_reels,Kickstart Your Week: 5-Minute Mood Boost,Ready to supercharge your Monday motivation?,"Quick, effective fitness tips to energize your week.","In this video, we’ll showcase a high-energy, 5-minute workout that viewers can easily follow along with to kickstart their week. Each exercise will be visually demonstrated in an aesthetically pleasing setup with vibrant colors and uplifting music. The transitions between exercises will be smooth, employing quick cuts and upbeat effects to keep the energy high. Add motivational stickers and filters to enhance the positivity. The video will wrap up with a quick recap of the benefits of regular movement and a strong call to action: 'Try this every Monday for a boost!'",Tutorial with dynamic transitions,30-60 sec,"Wide shot of the creator in an aesthetically pleasing workout space, introducing the workout with excitement. | Close-up shots of each exercise being performed with upbeat transitions. | Overhead shot of a timer counting down during the workout. | Quick cuts of the creator showing off a few positive affirmations related to motivation. | Final scene with a cheerful wave and the phrase 'Let’s crush this week together!'",Start your week on the right foot! 💪✨ Follow along for a quick energy boost! #MondayMotivation,#MondayMotivation | #FitnessGoals | #WellnessJourney | #WorkoutMotivation | #HealthyLiving,High,"The combination of quick, actionable content, a positive message, and engaging visuals will resonate with audiences, encouraging sharing and interaction.",,,,,
idea_005,#MondayMotivation,youtube_shorts,Kickstart Your Week: 3 Quick Moves!,Struggling to find motivation this Monday? I've got you!,Quick and effective workout snippets to boost motivation.,"In this energizing YouTube Short, we'll motivate viewers to kick off their week with three quick but powerful workout moves. Each move will be demonstrated step-by-step, perfect for all fitness levels. The video will start with a personal anecdote about the benefits of staying active on Mondays, followed by the first exercise, a brief explanation of its benefits, and a transition to the next two moves. By the end, viewers will not only feel inspired but also equipped to get moving. Plus, every move can be done at home without any equipment, making it accessible to everyone. Don’t forget to subscribe for more fitness motivation each week!",Tutorial,30-60 sec,Close-up of creator talking directly to the camera about Monday motivation. | Demonstration of the first exercise with a focus on proper form. | Quick cuts to show the second and third exercises with energetic music. | Overlay text with key benefits of each move as it's demonstrated. | End shot with creator encouraging viewers to subscribe for more.,Let's conquer this Monday together! 💪 #MondayMotivation #FitnessGoals,#MondayMotivation | #FitnessTips | #HomeWorkout | #MotivationMonday | #FitFam,High,"This concept encourages viewers to take immediate action, making it relatable and engaging while appealing to a broad fitness audience. The educational component, combined with a motivational angle and clear CTAs, is likely to resonate well with the audience.",,,,,
idea_006,Oscar,tiktok,Oscar Moments: 3 Outrageous Red Carpet Looks,Wait until you see this year's wildest outfits!,Highlighting the most outrageous and creative outfits from the Oscars to showcase the fun side of the event.,"In this fast-paced TikTok, we'll dive into three of the most outrageous red carpet looks from this year's Oscars. Start with a brief intro shot of the iconic Oscar statue, then jump into quick cuts of each outfit. Use trending sounds to create an upbeat vibe and incorporate text overlays that describe the signature elements of each look, like 'over-the-top glam' or 'all about the drama'. Encourage viewers to pick their favorite look by asking them to comment at the end. This format keeps it light-hearted and playful while celebrating the artistic flair of the Oscars.",Fast-paced transitions between clips with vibrant captions,30-60 sec,Intro shot with the Oscar statue and dramatic music | Quick cuts of each outrageous outfit with text overlays | A fun reaction shot with exaggerated facial expressions | Closing shot asking viewers to vote for their favorite look,Which Oscar outfit stole the show? 👗✨ Comment below! #Oscar,#Oscar | #RedCarpet | #Fashion | #Trending | #Entertainment,High,"Fashion choices at the Oscars are a hot topic, and viewers will be eager to share their opinions, driving high engagement through comments.",,,,,
idea_007,Oscar,instagram_reels,Oscar Style: 3 Looks Inspired by Winners!,Ever wondered how to dress like an Oscar winner?,Fashion inspiration from iconic Oscar-winning looks.,"In this Reels video, showcase three stunning outfits inspired by past Oscar-winning actors and actresses. Start with a glam intro featuring a glamorous backdrop, then transition into each look with smooth, creative cuts. Use Instagram filters to enhance each outfit's vibe and add stickers that represent the Oscars, like trophy icons or red carpet graphics. For each look, include a brief explanation of the film or award, making viewers feel connected to the story behind the fashion. Finish with a fun group shot to highlight the ultimate Oscar-inspired look! This video blends entertainment with style perfectly, making it relatable and aspirational for viewers.",Transition,30-60 sec,Glam intro with a red carpet background and sparkling effects | First outfit reveal with a twirl and upbeat music | Quick cut to a close-up of accessories with overlay text | Second outfit reveal with a dramatic pose | Group shot showcasing all three looks with celebratory vibes,Which Oscar look is your favorite? 👗🏆 Comment below! #OscarStyle,#Oscar | #FashionInspo | #RedCarpetReady | #OscarLooks | #InstaFashion,High,"Fashion and entertainment are popular topics on Instagram, especially around awards season, making this relatable and shareable content that appeals to a wide audience.",,,,,
idea_008,Oscar,youtube_shorts,Oscar Winners You Forgot About!,Think you know all the Oscar winners? Think again!,Highlighting lesser-known Oscar winners from past decades.,"In this engaging short, we take viewers on a quick trip down memory lane, showcasing surprising and often forgotten Oscar winners that shaped the film industry. Starting with a brief introduction of the Academy Awards, we'll dive into three iconic winners from the last 50 years, sharing quick facts and fun anecdotes about their winning films. Each segment would include a short clip or image of the movie, ending with a question to the audience about their favorite Oscars moment, encouraging comments and discussions. This nostalgic journey not only educates but also entertains, perfect for older viewers who appreciate cinematic history.",Storytime with visuals,30-60 sec,A montage of vintage Oscar footage and movie posters. | Quick cut to the host introducing the theme from their living room. | Show clips or images of each winner's film with fun facts overlay. | End with the host asking viewers their favorite Oscar memory.,Did you remember these Oscar winners? Let us know your fave! 🎥✨,#Oscar | #Oscars2023 | #FilmHistory | #AcademyAwards | #MovieNostalgia,High,"The combination of nostalgia, education, and viewer interaction encourages comments and shares, appealing to a demographic interested in entertainment history.",,,,,
idea_009,NATO,tiktok,NATO: The Power of Unity 🌍✌️,Did you know NATO is more than just a military alliance?,Highlighting the positive aspects of NATO's unity and collaboration.,"In this video, showcase how NATO member countries come together for peace and mutual support. Use quick cuts between clips of NATO meetings, joint military exercises, and cultural exchanges. Add upbeat music to maintain a positive tone, and overlay text that highlights key benefits like security, cooperation, and shared values. Encourage viewers to comment on how they see the importance of unity in today's world.",Montage/Highlight Reel,30-60 sec,Clip of a NATO summit with leaders shaking hands | Footage of joint military exercises | Images of NATO humanitarian missions | Clips of cultural exchange programs between member nations | Text overlay summarizing each clip's contribution to unity,Unity is strength! What do you think? 🤔👇 #NATO,#NATO | #Unity | #Peace | #InternationalRelations | #GlobalSecurity,High,"The positive sentiment and emphasis on unity will resonate with viewers, leading to higher comment and share rates. The engaging visuals paired with a call-to action will prompt discussion and interaction.",,,,,
idea_010,NATO,instagram_reels,NATO's Power in 60 Seconds,Ever wondered how NATO shapes global peace?,Highlighting NATO's positive contributions to global stability.,"In this quick, engaging reel, we'll break down how NATO has played a pivotal role in maintaining peace and security across the globe. Using a mix of eye-catching graphics, brief clips of key events, and upbeat music, we'll highlight NATO's alliances and interventions that have contributed to global stability. The video will start with a striking visual of the NATO emblem, followed by fast-paced transitions showcasing various NATO missions and collaborative efforts. To add a relatable touch, include a voiceover that shares a fun fact about NATO's historical significance, making the audience feel connected to its purpose.",Fast-paced transitions with graphics and clips,30-60 sec,"Close-up of the NATO emblem with upbeat music | Quick cuts of historical NATO missions (e.g., troops, peace talks) | Graphics showing NATO's member countries on a map | Voiceover overlaying fun facts about NATO | End with a group of diverse people smiling and holding flags",Discover how NATO helps keep peace worldwide! 🌍✌️ #NATO,#NATO | #GlobalPeace | #Politics | #InternationalRelations | #WorldUnity,High,This video leverages the positive sentiment surrounding NATO by presenting visually compelling content that resonates with viewers interested in global politics and fosters a sense of unity.,,,,,
idea_011,NATO,youtube_shorts,NATO: A Force for Global Stability,Did you know NATO has kept peace for decades?,Highlighting the positive impacts of NATO on global stability and cooperation.,"In this video, we'll explore how NATO has been pivotal in maintaining peace and security in Europe and beyond since its formation in 1949. We'll delve into three key successes: rapid response to crises, fostering democratic values, and joint military exercises that build trust among member nations. Using engaging visuals and infographics, we’ll illustrate how NATO has adapted to modern threats while ensuring member safety. Wrapping up, viewers will be invited to reflect on NATO's role in today’s world and consider the importance of international alliances. Don't forget to hit subscribe for more insights!",Infographic/Explainer with Text Overlays,30-60 sec,A map of NATO member countries lighting up one by one. | Animated statistics on NATO's peacekeeping missions. | Clips of NATO joint exercises with soldiers from various countries. | Quick interviews or quotes from military leaders on NATO’s significance. | End with a call to action: subscribe for more political insights.,Discover how NATO keeps the peace! 🌍✌️ #NATO #GlobalStability,#NATO | #Peacekeeping | #InternationalRelations | #Politics | #GlobalSecurity,High,"The educational content combined with positive sentiment about NATO's impact will resonate well with older audiences interested in political stability, encouraging shares and discussions.",,,,,
idea_012,#AEWRevolution,tiktok,AEW Revolution: Moments That Shocked Us!,Did you see this insane AEW moment?!,Highlighting jaw-dropping moments from AEW Revolution,"In this fast-paced TikTok, we'll compile the most shocking and unforgettable moments from AEW Revolution. Combining clips of high-flying moves, unexpected plot twists, and dramatic confrontations, viewers will relive the excitement as if they were in the arena. Add some popular background music to amp up the energy and overlay quick text captions that highlight key phrases like 'OMG!' or 'Did you see that?!' to keep the audience engaged and provoke comments. This is a perfect opportunity to celebrate the thrill of AEW and connect with fellow fans about their favorite moments.",Reaction/Highlight Reel,30-60 sec,Clips of the top 3 shocking moments from AEW Revolution | Close-up of a fan's reaction to a surprising outcome | Quick cuts between wrestlers showcasing their signature moves | Text overlay highlighting fan comments or reactions | Ending with a slow-motion clip of the final jaw-dropping moment,What was your favorite AEW moment? 🤯👇,#AEWRevolution | #WrestlingMoments | #SportsHighlights | #AEW | #WrestlingFans,High,"The combination of shocking highlights, fast-paced editing, and a direct question to the audience encourages comments and shares, making it highly engaging for sports fans.",,,,,
idea_013,#AEWRevolution,instagram_reels,AEW Revolution: Epic Moves Breakdown!,Ever wondered how the pros pull off those insane moves?,Behind-the-scenes breakdown of iconic AEW maneuvers.,"In this video, we dive into the choreography behind some of the most iconic moves seen at AEW Revolution. Using a mix of action shots and slow-motion clips, we'll break down each move, showing the audience both the athleticism and technique involved. The video will feature a combination of visuals from the event, mixed with clips demonstrating the moves in a clear and entertaining way. Add some fun stickers and engaging transitions between the clips to keep the energy flowing, and use Instagram's built-in filters to enhance the visuals. Let’s celebrate the art of wrestling and get everyone hyped for the action!",Tutorial/Breakdown,30-60 sec,Clip of a wrestler performing an iconic move at AEW Revolution | Slow-motion replay of the move with annotations | Cut to a live reaction shot from the audience cheering | On-screen graphics highlighting key movements and techniques | A final shot of the wrestler posing with the crowd in the background,Unlock the secrets behind AEW’s most epic moves! 💪✨ Which move is your favorite? Let us know! #AEWRevolution,#AEWRevolution | #WrestlingMoves | #Sports | #Wrestling | #Athleticism,High,"The unique breakdown format appeals to both wrestling fans and sports enthusiasts, providing informative content that can spark discussions and shares.",,,,,
idea_014,#AEWRevolution,youtube_shorts,AEW Revolution: The Best Moments Recap,What were the standout moments from #AEWRevolution?,Highlight reel showcasing the best highlights and emotional reactions.,"In this engaging short video, we dive into the most thrilling moments from AEW Revolution, showcasing jaw-dropping moves and unforgettable encounters that left fans in awe. We'll weave a narrative through quick clips of the most exciting match highlights, interspersed with reactions from fans and commentators. This video not only entertains but educates viewers on why these moments were pivotal, giving context to what made them so special. Get ready to relive the excitement and feel the adrenaline rush all over again! Remember to like and subscribe for more action-packed content!",Highlight Reel,30-60 sec,Clips of the most electrifying moments from the matches | Fan reactions in the crowd during key highlights | Close-ups of wrestlers’ faces showing determination | Commentary clips summarizing each moment's significance | Slow-motion replays of finishing moves,Relive the electrifying moments of #AEWRevolution! 💥💪 Like and subscribe for more amazing highlights!,#AEWRevolution | #WrestlingHighlights | #SportsRecap | #WrestlingFans | #AEW,High,"Highlight reels are highly shareable and resonate well with fans reflecting on memorable moments, leading to higher likelihood of likes and shares.",,,,,
idea_015,Whale - Buy,tiktok,Unlocking the Whale: Gaming Tech You MUST Buy!,Ever heard of the 'Whale-Buy' trend? Let's dive in!,Showcase must-have gaming tech that feels like a treasure!,"Join me as I unveil the latest 'whale' tech that every gamer needs in their setup! Using trendy sounds to set the vibe, I’ll highlight gadgets that elevate the gaming experience. From immersive headsets to lightning-fast mice, each item will be presented with a quick-cut format to keep the pace exciting. As I demonstrate each tech piece, I'll overlay text to explain key features and price points. By the end, viewers will be eager to comment on their favorite or share their own must-haves!","Transition, Showcase, POV",30-60 sec,Close-up of the latest gaming headset with cool lighting | Quick transition shot of a gaming mouse in action | B-roll of a colorful gaming keyboard while typing | POV shot showcasing the setup with all devices | Text overlay of prices and links as gadgets are introduced,What's your favorite gaming gadget? Let me know! 👇,#Whale-Buy | #GamingTech | #GamerSetup | #TechTrends | #MustHaveGadgets,High,"The engaging visuals and quick cuts paired with trending music will capture attention quickly, while the immediate call-to-comment will drive audience interaction, appealing to tech enthusiasts and gamers alike.",,,,,
idea_016,Whale - Buy,instagram_reels,Whale-Buy: Unlock Epic Gaming Gear!,Ever wondered how to spot a game-changer? 🐋💻,Highlighting the importance of investing in quality tech for gaming success.,"In this short video, we explore how making the right tech investments can elevate your gaming experience from ordinary to extraordinary! Start with a captivating shot of a 'whale' gaming setup—multiple monitors, high-end gear, and immersive lighting. Use smooth transitions to show before and after shots of an average setup compared to your 'whale' setup. Incorporate Instagram's trendy stickers to emphasize the 'buy' aspect as you showcase the gear. With an upbeat background track, end with a call-to-action encouraging viewers to invest in their tech for better performance.","Before/After, Transition",30-60 sec,"Close-up of a cluttered, outdated gaming setup | Smooth transition revealing a stunning, high-end gaming setup | Quick cuts showing different accessories (headset, keyboard, mouse) | Overlay of stickers highlighting the value of investment | Final shot of you gaming with excitement in the upgraded setup",Transform your gaming experience! 💥 Which piece of gear is a must-have for you? #WhaleBuy,#WhaleBuy | #GamingSetup | #TechInvestments | #GamerLife | #UpgradeYourGear,High,"The relatable narrative of upgrading tech resonates with gamers, encouraging shares and comments on personal gear experiences.",,,,,
idea_017,Whale - Buy,youtube_shorts,Unlocking Whale-Buy Tech Secrets!,Ever wondered what makes a tech 'whale' buy?,Exploring the psychology and tech behind whale purchases in gaming.,"This video dives into the intriguing world of 'whale' purchases in the tech and gaming industry. Starting with a quick intro, you'll explain who these 'whales' are—players who spend significantly on in-game items. The middle section will highlight the psychological tactics used by game developers to encourage these purchases, such as limited-time offers and exclusive items. Finally, wrap it up by sharing tips for viewers on how to make smart purchases in their favorite games without breaking the bank. This informative yet entertaining format is perfect for engaging tech-savvy audiences.",Informative Tutorial,30-60 sec,Close-up of a popular gaming screen showcasing items for sale | Cutaway to animated infographics explaining whale psychology | Reaction shot of a player celebrating a strategic purchase | Overlay of text tips on making smart purchases | End shot with a call to action to subscribe for more gaming insights,Learn how to shop smart in gaming! 🐳💸 #WhaleBuy,#WhaleBuy | #GamingTips | #TechTrends | #SmartShopping | #GamerLife,High,"This topic combines educational content with engaging visuals and actionable tips, which resonate well with a tech-savvy audience, leading to higher shares and likes.",,,,,
idea_018,Good Monday,instagram_reels,Manifesting a Magical Monday! ✨,Ever wondered how to make Mondays feel magical?,Transforming a typical Monday into a day of possibilities.,"In this video, we’ll showcase how to turn a mundane Monday into a day of motivation and magic! Start with a cozy morning shot of a sunrise, then cut to you sipping a delicious coffee while writing down your goals for the week. Use smooth transitions to shift between scenes of you journaling, doing a quick workout, and experiencing small victories throughout the day. Add upbeat music and aesthetic filters to create a positive vibe. End with a powerful affirmation, encouraging viewers to approach their week with enthusiasm. This relatable storytelling will resonate and inspire others to elevate their own Mondays!",POV,30-60 sec,"Morning sunrise through a window | Close-up of coffee being poured into a mug | Writing goals in a beautiful journal | Quick clips of a home workout | Celebrating a small win, like finishing a task",Let’s turn Mondays into magic! ✨ What are your goals this week? #GoodMonday,#GoodMonday | #MondayMotivation | #ManifestYourDreams | #PositiveVibes | #AestheticMonday,High,"The combination of relatable content and positive affirmations will resonate with a broad audience, encouraging shares and comments as viewers connect with their own experiences.",,,,,
